Test Cases Modified,Modification date
TC-PCK_32079,09-Aug-17
TC-APITag_32019,09-Aug-17
TC-Log_32109,09-Aug-17
TC-Timeout_32082,09-Aug-17
TC-APITag_32014,09-Aug-17
TC-PCK_32023,09-Aug-17
TC-DB_32161,09-Aug-17
TC-DB_32025,11-Aug-17
TC-Log_32117,11-Aug-17
TC-DCP_32016,11-Aug-17
TC-PCK_32030,11-Aug-17
TC-ReadGateAction_32039,11-Aug-17
TC-InvalidParameters_32114,11-Aug-17
TC-MSR Device_32056,11-Aug-17
TC-PCK_32028,12-Aug-17
TC-DCP_32075,12-Aug-17
TC-APITag_32027,12-Aug-17
TC-Log_32021,12-Aug-17
TC-Integration_32032,12-Aug-17
TC-ReadGateAction_32057,12-Aug-17
TC-MSR Device_32037,12-Aug-17
TC-PCK_32022,19-Aug-17
,
,
,
,
,
,
